SubmissionID,RespondentID,Submitted_at,Full_Name,Gender,Batch_number,career_role,Project_Interest
k9KlBZ,dbyy7A,6/3/2023 11:40,Faye Passey,Male,2,Data Scientist,ML
PDvpJx,q5lly7,6/3/2023 11:40,Ade Malshinger,Male,2,Data Analyst,ML
BKAGY4,Z9Q9G5,6/3/2023 15:09,Gerrard Buske,Male,2,Data Analyst,ML
NDMZbQ,4a6LLY,7/3/2023 9:00,Steffane Prinnett,Female,2,Data Scientist,ML
GKQJVj,2jo2d9,9/3/2023 5:05,Angelico Denis,Male,2,Data Scientist,ML
jb5bPR,o9xlpP,6/3/2023 11:50,Dahlia Leverette,Female,3,Data Analyst,ML
1kDXeg,aOMM79,6/3/2023 11:41,Lalo Adanez,Male,4,Data Analyst,ML
k9KlLo,2jo0Vb,6/3/2023 11:43,Alyss Norley,Female,4,Data Analyst,ML
eDKMVx,o9jjX1,6/3/2023 11:42,Rani Burleton,Female,4,Data Scientist,ML
Zov80e,aOMM79,6/3/2023 11:43,Tommie Tinkham,Female,4,Data Analyst,ML
GKXKKp,vX9ZeX,6/3/2023 11:47,Buddy Kernan,Male,4,Data Analyst,ML
yNjNe8,vXzk2D,6/3/2023 11:55,Fletch McKerrow,Male,4,Data Scientist,ML
RdvxEj,WJq4aN,6/3/2023 11:44,Barnabe Meindl,Male,5,Data Scientist,ML
WrDz0L,PRra8x,6/3/2023 13:37,Filbert Tunnow,Male,4,Data Analyst,ML
4BABBk,o9zJqe,6/3/2023 11:47,Linnell Llorens,Female,5,Data Scientist,ML
NDMWvl,X59zWP,6/3/2023 14:17,Wren Drillingcourt,Female,4,Data Analyst,ML
xj4WBJ,PRra8x,7/3/2023 9:05,Dulcia Adamo,Female,4,Data Analyst,ML
qaJ8ad,PRxVb1,8/3/2023 12:19,Christin Folbigg,Female,4,Data Analyst,ML
VjvjJa,2jo0Ne,6/3/2023 11:50,Adlai de Courcy,Male,6,Data Scientist,ML
yNoB9d,Z9QZNA,8/3/2023 14:28,Corena Mabb,Female,4,Data Analyst,ML
pdR6Z1,PRPlkV,7/3/2023 4:24,Gerianne Pittendreigh,Female,5,Data Analyst,ML
AKAd5l,o9jXjx,6/3/2023 14:40,Hector Diter,Male,6,Data Analyst,ML
8zAq0P,yXaQZp,6/3/2023 11:44,Iggy Kamena,Male,8,Data Analyst,ML
6eAe2O,WJZkEQ,6/3/2023 11:50,Sean O' Meara,Male,6,Data Scientist,ML
QMvM18,WJq4La,6/3/2023 11:47,Cass Ygoe,Male,8,Data Analyst,ML
jb57ZE,M1Ga0E,6/3/2023 17:17,Agathe Albany,Male,6,Data Scientist,ML
b9YQx2,Ge7B8Z,8/3/2023 12:53,Kerri Cassey,Female,8,Data Analyst,ML
XrQLaV,Yje50W,11/3/2023 6:19,Stavros McVeighty,Male,6,Data Scientist,ML
eDKMbl,aOzWpB,6/3/2023 11:42,Jon Deviney,Female,7,Data Scientist,ML
geYqPD,rDZXal,6/3/2023 12:55,Ulrikaumeko Kuscha,Female,7,Data Scientist,ML
9XpplX,PRxDlQ,6/3/2023 19:41,Merrily Juden,Female,7,Data Scientist,ML
pdR1OV,vXZAr8,7/3/2023 3:02,Bernard Bracey,Male,7,Data Scientist,ML
oD5Wpx,1WLAZb,8/3/2023 15:34,Teodorico Farrans,Male,8,Data Analyst,ML
AK9zdW,Yj2VW6,11/3/2023 5:43,Magda Friary,Female,8,Data Analyst,ML
rBGBav,yX700X,6/3/2023 11:48,Wileen Swiffan,Female,9,Data Analyst,ML
gekb0P,PRxDlQ,8/3/2023 18:23,Jayme Storres,Male,7,Data Scientist,ML
Rdvdep,jezKd6,6/3/2023 12:04,Cornall Hockey,Male,8,Data Scientist,ML
RdvD2p,0VW4Y6,6/3/2023 13:18,Rikki Pratley,Female,8,Data Scientist,ML
MDvDeM,J14P17,6/3/2023 11:46,Carmencita Bernardin,Female,9,Data Scientist,ML
OldlXK,rDZ4OX,6/3/2023 11:49,Babara Puddifer,Female,9,Data Analyst,ML
DKAJMR,5XOGpb,6/3/2023 17:32,Lorens Bicheno,Male,9,Data Analyst,ML
WrqMKe,q5yeZ9,11/3/2023 16:29,Paquito Kirkup,Male,9,Data Analyst,ML
VjvG2M,PRqxjd,6/3/2023 11:43,Angus Wharfe,Male,10,Data Analyst,ML
9XpXNp,4ab6Qd,6/3/2023 11:46,Reinaldos Ratlee,Male,11,Data Analyst,ML
dNKNQr,ArQqWW,6/3/2023 11:56,Margie Went,Female,9,Data Scientist,ML
8zAzLx,jeYp2J,6/3/2023 11:48,Wilone Chartre,Female,11,Data Analyst,ML
KeveXz,OQN2eM,6/3/2023 12:07,Perkin Lowten,Male,11,Data Analyst,ML
yNjNO6,pezjoB,6/3/2023 12:07,Brandyn Bernardinelli,Female,9,Data Scientist,ML
DKAe0X,7XkBzP,6/3/2023 15:58,Samuele Webb,Male,9,Data Scientist,ML
YRpWr6,GePW82,6/3/2023 14:06,Rufe McSkin,Male,11,Data Analyst,ML
VjbWzl,5XOWyM,8/3/2023 12:22,Pace Cayser,Male,11,Data Analyst,ML
OloEXp,VpKoka,9/3/2023 10:17,Derry Fridaye,Male,11,Data Analyst,ML
E5MpA4,EqpLzo,10/3/2023 22:39,Early Blaik,Male,11,Data Analyst,ML
NDMval,Yj6Zg5,7/3/2023 5:37,Sheffie Parkinson,Male,9,Data Scientist,ML
6eWqxo,o9xKX1,8/3/2023 14:58,Adria MacFarland,Female,9,Data Scientist,DL
1k5dPM,Z9poeB,16/03/2023 06:21,Eamon Dossett,Male,9,Data Scientist,DL
Zovo8z,DqG8KX,6/3/2023 11:47,Dalila Royste,Female,12,Data Analyst,DL
AKABVz,e5Xb1Q,6/3/2023 13:27,Junina Smedley,Female,12,Data Analyst,DL
Zovojo,aOMLOy,6/3/2023 11:45,Christi Pountain,Female,13,Data Analyst,DL
oDZPXP,Z9poeB,21/03/2023 04:22,Brittaney Roose,Female,9,Data Scientist,DL
geYelK,vX9ZvX,6/3/2023 12:07,Alexei Grayshan,Male,13,Data Analyst,DL
9XpEdK,LDoVj2,6/3/2023 17:24,Chaddie Ludovici,Male,15,Data Analyst,DL
NDMD1W,yXaQGW,6/3/2023 12:05,Brigham LeEstut,Female,10,Data Scientist,DL
AKAKyz,Z9eq75,6/3/2023 11:57,Samson Elsmor,Male,11,Data Scientist,DL
jb5bXE,0VkXPj,6/3/2023 12:03,Elna Abbate,Female,11,Data Scientist,DL
GKX91j,OQERv8,6/3/2023 12:17,Timmie Pumfrett,Female,11,Data Scientist,DL
VjvQZv,BE9EAe,6/3/2023 12:16,Alfonso Alesio,Male,16,Data Analyst,DL
lqKONv,rDY7ER,6/3/2023 12:42,Renault Dilnot,Male,11,Data Scientist,DL
1kDGJp,ArgzOk,6/3/2023 19:06,Agnes O'Kieran,Female,16,Data Analyst,DL
4BAe4k,NqPkJl,7/3/2023 11:48,Tallie Mitrovic,Male,16,Data Analyst,DL
ZovXNB,gbzBll,7/3/2023 5:02,Merlina Rea,Female,11,Data Scientist,DL
GKqgxZ,aOLMzB,8/3/2023 8:04,Tiler Hulse,Male,11,Data Scientist,DL
lqvM0o,J1y1eR,10/3/2023 12:16,Costa Mundow,Male,16,Data Analyst,DL
DKMMAX,KpXzxA,10/3/2023 12:44,Rozamond Larmor,Female,16,Data Analyst,DL
5489L6,gboE6M,6/3/2023 12:44,Gilemette Allington,Female,17,Data Analyst,DL
zNdEPM,5XNEB6,11/3/2023 5:26,Duncan Harvett,Male,11,Data Scientist,DL
YRpR5B,dbyMEN,6/3/2023 11:46,Alric Liverseege,Male,12,Data Scientist,DL
dNKNJy,7XEBOR,6/3/2023 12:05,Nat Ogelsby,Female,12,Data Scientist,DL
aeazX9,OQ6dLg,9/3/2023 10:38,Marwin Rubenchik,Male,18,Data Analyst,DL
PDvDke,9NrNvK,6/3/2023 11:58,Dene Hyman,Male,18,Data Analyst,DL
LzO9PG,rDX2P5,11/3/2023 5:40,Yoko Karpf,Female,18,Data Analyst,DL
jb5oNx,4abZ8b,6/3/2023 12:59,Nicola Brisland,Female,13,Data Scientist,DL
KeWr5K,q5r0kO,8/3/2023 12:21,Clayborne Badman,Male,13,Data Scientist,DL
4BOaYd,6Dq1aJ,11/3/2023 5:14,Ximenes Szymanski,Male,13,Data Scientist,DL
E5ZZ1B,gbOYW1,8/3/2023 3:02,Ulberto Foulis,Male,14,Data Scientist,DL
xj4D2y,q5l988,6/3/2023 12:44,Bondy Parlett,Male,15,Data Scientist,DL
xj4QjG,BERPW4,6/3/2023 15:20,Miguel Callingham,Male,15,Data Scientist,DL
eDKDEJ,Yjq56v,6/3/2023 11:52,Phebe Morrowe,Female,20,Data Analyst,DL
lqKlDN,vXW2kD,6/3/2023 17:48,Freddy Shreeve,Male,15,Data Scientist,DL
KevepA,aOML9W,6/3/2023 11:46,Gail Morphet,Male,16,Data Scientist,DL
rBGARN,J1456K,6/3/2023 14:17,Haywood Rickerby,Male,16,Data Scientist,DL
xjzXKr,db7ZZo,11/3/2023 4:26,Sidonnie Bendel,Female,20,Data Analyst,DL
DKA15E,aOM87X,6/3/2023 15:26,Arlan Ambrosini,Male,16,Data Scientist,DL
1kDGvp,ArgzOk,6/3/2023 19:05,Rossie Dossetter,Female,16,Data Scientist,DL
RdvdV4,EqORBX,6/3/2023 11:57,Claudio Meegin,Male,21,Data Analyst,DL
yNjb2W,rD4l8L,7/3/2023 5:53,Gothart Revie,Male,16,Data Scientist,DL
dN8bYy,o9x9Ee,7/3/2023 14:45,Teodoor Darco,Male,16,Data Scientist,DL
E5Z7pA,aOL8qB,8/3/2023 13:17,Hansiain Kissick,Male,16,Data Scientist,DL
NDRB4b,PR7YJV,9/3/2023 5:42,Kizzie Savoury,Female,16,Data Scientist,DL
WrDAZJ,Geb2eZ,6/3/2023 15:05,Catha Venneur,Male,21,Data Analyst,DL
8zAzMP,YjA6V5,6/3/2023 11:58,Helge Daal,Female,17,Data Scientist,DL
jb5B41,QoQ6Ep,6/3/2023 15:11,Joane Copcote,Female,21,Data Analyst,DL
07ZqDN,M14ojX,8/3/2023 12:34,Abe McQuillin,Male,21,Data Analyst,DL
LzaLbO,8NB0Gx,8/3/2023 12:54,Tyson Pickering,Male,21,Data Analyst,DL
pdJED8,8Nr9lO,8/3/2023 13:59,Rog Bellerby,Male,22,Data Analyst,DL
DKAKzb,7XEQ8L,6/3/2023 11:50,Angelika Fillingham,Female,23,Data Analyst,DL
GKXK4o,YjqjVN,6/3/2023 12:01,Brittne Persicke,Female,23,Data Analyst,DL
jb5o21,4abZaX,6/3/2023 12:52,Beck Cayton,Male,23,Data Analyst,DL
QMvMqg,4ab6Eo,6/3/2023 12:04,Chicky Legate,Male,17,Data Scientist,DL
Xr14YL,X5N86P,6/3/2023 13:10,Hesther Mulvey,Female,18,Data Scientist,DL
qaodZ8,7XEGxa,6/3/2023 14:24,Rickard Kirkpatrick,Male,18,Data Scientist,DL
qaoNkg,8NEjXY,6/3/2023 23:40,Estele Suttaby,Female,18,Data Scientist,DL
oD5j0M,KpE7VD,8/3/2023 13:34,Albertine Adaway,Female,23,Data Analyst,DL
Kev4qV,o9PBy1,7/3/2023 6:35,Ruggiero Antczak,Male,18,Data Scientist,DL
9X4BA1,KpR8NA,11/3/2023 6:14,Hewett Landeg,Male,23,Data Analyst,DL
54pkRv,o9qO9e,9/3/2023 1:22,Johann Tredinnick,Male,18,Data Scientist,SQL
NDPDZQ,Eq6ybB,11/3/2023 7:13,Brandie Stoffel,Female,18,Data Scientist,SQL
Lzv7RO,9NK8oQ,6/3/2023 12:34,Herb Dearan,Male,19,Data Scientist,SQL
dNK0bD,OQERMR,6/3/2023 12:36,Gayelord Broggio,Male,19,Data Scientist,SQL
8zADzx,Vpxdza,7/3/2023 6:42,Maddi Akess,Female,19,Data Scientist,SQL
GKb91Z,Z9xvGA,11/3/2023 7:34,Erena Dufaire,Female,23,Data Analyst,SQL
2Bl9Zp,Eq6yQL,8/3/2023 12:37,Kacie Gronno,Female,19,Data Scientist,SQL
pdz0O1,peg1DB,11/3/2023 17:40,Wolfie Cabrara,Male,19,Data Scientist,SQL
qaoaBk,o9jPAO,6/3/2023 11:52,Jojo Oganian,Female,20,Data Scientist,SQL
jb5bLY,Yjq56v,6/3/2023 11:53,Sharla Kyncl,Female,20,Data Scientist,SQL
2B1B9A,DqG8Yp,6/3/2023 12:04,Berrie Garlee,Female,20,Data Scientist,SQL
k9K9yJ,M1x4zl,6/3/2023 11:51,Fraser le Keux,Male,24,Data Analyst,SQL
vrErAd,J14PAr,6/3/2023 11:51,Cornie Vogeller,Female,24,Data Analyst,SQL
GKgplk,OQObAg,15/03/2023 04:38,Pris Naulty,Female,20,Data Scientist,SQL
VjvjZl,GePGzL,6/3/2023 11:51,Clive Flowerdew,Male,24,Data Analyst,SQL
PDv1Gx,OQN6GA,6/3/2023 12:23,Lek Wanden,Male,21,Data Scientist,SQL
Vjvj4y,6DBl1P,6/3/2023 11:57,Courtnay Prowting,Male,24,Data Analyst,SQL
JdXl6R,yXaBrp,6/3/2023 12:41,Cordie Scanlan,Female,21,Data Scientist,SQL
Kev10z,rDY7DL,6/3/2023 13:36,Biddie Berriball,Female,24,Data Analyst,SQL
Lzvgyz,QoE2qY,7/3/2023 1:37,Lewie Horsey,Male,21,Data Scientist,SQL
pdRL1E,laEPvB,6/3/2023 15:08,Lucas Pinchbeck,Male,24,Data Analyst,SQL
AK495y,J14PAr,8/3/2023 6:11,Stefania Grishanin,Female,24,Data Analyst,SQL
oD5825,xVqOvv,8/3/2023 12:22,Alejoa Forre,Male,21,Data Scientist,SQL
jbz0o1,X5jkoL,11/3/2023 17:38,Tremain Tiuit,Male,21,Data Scientist,SQL
xj4jYG,RWrVNQ,6/3/2023 11:50,Andy Sprankling,Male,22,Data Scientist,SQL
geYeM1,GePGde,6/3/2023 11:50,Carmina Budnik,Female,22,Data Scientist,SQL
PDvD6d,o9xDOP,6/3/2023 11:50,Bordy Amberger,Male,22,Data Scientist,SQL
YRpaMv,RW9p4d,6/3/2023 13:39,Rafael Holah,Male,22,Data Scientist,SQL
4Bz8od,1WLjD4,10/3/2023 6:00,Alene Dalloway,Female,22,Data Scientist,SQL
8zAzZA,LDO8QG,6/3/2023 11:49,Larina Coultas,Female,23,Data Scientist,SQL
NDMAQb,gboRkl,6/3/2023 15:08,Thaine Rookledge,Male,23,Data Scientist,SQL
QMzy0p,7XAA96,8/3/2023 8:54,Marris Loche,Female,24,Data Analyst,SQL
QMzgeg,q59Lp8,8/3/2023 16:45,Augustin Burrett,Male,24,Data Analyst,SQL
pdRL21,gboRkl,6/3/2023 15:12,Roderigo Jozefiak,Male,23,Data Scientist,SQL
AKAJyD,NqZKrB,6/3/2023 15:32,Wilone Fullbrook,Female,23,Data Scientist,SQL
ZovY6V,pezjWV,6/3/2023 16:49,Paquito Shave,Male,23,Data Scientist,SQL
6ePG7N,q5yrv5,12/3/2023 7:24,Zerk Brinkley,Male,24,Data Analyst,SQL
jb5Axa,LDr0Oz,7/3/2023 8:21,Annabel Swendell,Female,23,Data Scientist,SQL
MDvDo8,BEevvN,6/3/2023 12:08,Kassia Mil,Female,24,Data Scientist,SQL
Lzv76J,9N4V6p,6/3/2023 12:23,Alvie Richardon,Male,24,Data Scientist,SQL
dNKxZN,jeV1D6,6/3/2023 14:08,Moishe Poplee,Male,24,Data Scientist,SQL
xj4jDo,Vp6eP6,6/3/2023 11:49,Patrice Pibsworth,Male,25,Data Analyst,SQL
VjvQ9l,rDZeBM,6/3/2023 12:20,Ania Philpotts,Female,25,Data Analyst,SQL
k9K641,peZbvq,6/3/2023 14:17,Dara Ghelarducci,Female,24,Data Scientist,SQL
QMvAdG,q5l2PO,6/3/2023 15:00,Clem Carradice,Male,24,Data Scientist,SQL
WrK25N,jeRJLE,7/3/2023 15:13,Lillis Mahaddie,Female,24,Data Scientist,SQL
07ZdvZ,WJqvBj,7/3/2023 15:17,Sorcha Bugbird,Male,24,Data Scientist,SQL
Zo1Xoz,Yj62MB,8/3/2023 10:36,Hannis Kingh,Female,24,Data Scientist,SQL
RdbOOv,M1x4zl,8/3/2023 15:13,Sada Wellan,Female,24,Data Scientist,SQL
Xr8bG4,5X76bb,8/3/2023 13:29,Nikola Addington,Male,25,Data Analyst,SQL
WrKGaQ,6DgeLe,8/3/2023 17:05,Claudio Amer,Male,24,Data Scientist,SQL
vrzM4X,ArkWlN,11/3/2023 5:47,Tam Chaundy,Male,24,Data Scientist,SQL
GKb6BO,aOWZxW,11/3/2023 5:51,Seth Lots,Male,25,Data Analyst,SQL
1kRkkl,7XPjPA,11/3/2023 6:32,Kerr Ifill,Male,24,Data Scientist,SQL
yN1xWg,GeMgvp,11/3/2023 15:22,Regan Stokoe,Female,25,Data Analyst,SQL
VjvjvM,la4Vxp,6/3/2023 11:56,Rosy Emanuelov,Female,26,Data Analyst,SQL
YRpReB,zEdlAg,6/3/2023 12:00,Bria Lummis,Female,26,Data Analyst,SQL
VjNjJJ,LD85xO,11/3/2023 6:39,Ophelia Saturley,Male,24,Data Scientist,SQL
5484ME,Yj9215,6/3/2023 11:58,Sindee Demschke,Male,25,Data Scientist,SQL
E5v564,0VW916,6/3/2023 11:58,Billy Togwell,Female,25,Data Scientist,SQL
9XpXj1,M1VBrp,6/3/2023 12:05,Zachariah Munson,Male,26,Data Analyst,SQL
9Xp7xG,xVWGEo,6/3/2023 13:17,Yorgos Raoult,Male,25,Data Scientist,SQL
VjvzKM,rDZX7L,6/3/2023 13:24,Deb Giblin,Male,25,Data Scientist,SQL
9XpvXK,jez1bR,6/3/2023 16:46,Carla Barenskie,Female,25,Data Scientist,SQL
WrDYZP,2jWEAe,6/3/2023 17:00,Nell Parcells,Female,25,Data Scientist,SQL
rBG0Bo,Ge7XdZ,6/3/2023 18:22,Kaycee Whatford,Female,25,Data Scientist,SQL
geYeoK,0VW9yP,6/3/2023 12:06,Magdalen Illyes,Female,26,Data Analyst,SQL
Lzv7xj,J1o7bX,6/3/2023 12:29,Gustavo Scragg,Male,26,Data Analyst,PBI
rBGYpM,9Nk7lK,6/3/2023 22:53,Martelle Maplethorpe,Female,25,Data Scientist,PBI
6eWJbP,PRx8o1,7/3/2023 14:06,Jordain Colombier,Female,25,Data Scientist,PBI
54899N,vX9l1A,6/3/2023 12:39,Natale Trineman,Male,26,Data Analyst,PBI
RdvD5Q,8Nr9vY,6/3/2023 13:07,Way Davio,Male,26,Data Analyst,PBI
VjbQda,Z97Zpz,7/3/2023 16:27,Dalli Grzelczyk,Male,26,Data Analyst,PBI
2B7j4V,zEk5MR,9/3/2023 23:28,Merridie Sprowson,Female,25,Data Scientist,PBI
AK9zql,aOWZxW,11/3/2023 5:50,Laney Petrie,Female,25,Data Scientist,PBI
Vjb4zE,7XPXlR,8/3/2023 3:51,Rockwell Craigheid,Male,26,Data Analyst,PBI
xjzr8J,aOWZxW,11/3/2023 6:14,Lev Syalvester,Male,25,Data Scientist,PBI
yNjN9p,OQN25a,6/3/2023 11:50,Jarrid Middle,Male,26,Data Scientist,PBI
NDbze0,J1oyP4,8/3/2023 15:15,Starr Fey,Female,26,Data Analyst,PBI
Xr1JNP,rDZe6p,6/3/2023 12:25,Judie Satterlee,Female,26,Data Scientist,PBI
DKxQBZ,peQbMJ,8/3/2023 15:18,Cleo Skirven,Female,26,Data Analyst,PBI
VjvPPj,rDZe6p,6/3/2023 12:38,Alika Fortoun,Female,26,Data Scientist,PBI
eDYZBq,GeZKBL,8/3/2023 17:19,Asher Sarver,Male,26,Data Analyst,PBI
oDkKdN,J1Qkoo,9/3/2023 7:50,Nealy Shoute,Male,26,Data Analyst,PBI
ZoQNPA,7XPXlR,13/03/2023 03:34,Milton Thor,Male,26,Data Analyst,PBI
GKXlyo,bZJPKE,6/3/2023 13:47,Maggy Pauly,Male,26,Data Scientist,PBI
54842b,BE94zY,6/3/2023 11:52,Livvie Peschke,Female,27,Data Analyst,PBI
oDKD5O,lazpGB,6/3/2023 11:56,Calli Broomhall,Female,27,Data Analyst,PBI
jb5bV9,e5XJPJ,6/3/2023 12:06,Mady Keiling,Female,27,Data Analyst,PBI
4BA8YA,jeV1Ka,6/3/2023 14:42,Halette Corbould,Female,26,Data Scientist,PBI
zN2qp1,NqOEWN,6/3/2023 14:50,Rosamund Ranfield,Female,26,Data Scientist,PBI
PDv5Yd,vXWje4,6/3/2023 14:06,Hermann Schober,Male,27,Data Analyst,PBI
4BAlWd,e5oNRo,7/3/2023 8:10,Delphinia Auguste,Female,26,Data Scientist,PBI
Vjvogg,vXZMo4,6/3/2023 19:26,Tris Vallintine,Male,27,Data Analyst,PBI
OlbDD8,ArgWZy,7/3/2023 14:07,Benyamin Iacofo,Male,26,Data Scientist,PBI
GKX5KO,QoEJQ7,6/3/2023 21:39,Ellsworth Merrien,Male,27,Data Analyst,PBI
k9JPj1,rD4N0l,8/3/2023 13:45,Caddric Earwaker,Male,26,Data Scientist,PBI
oD5W9O,GeZxkk,8/3/2023 15:17,Marguerite Vannuccini,Female,26,Data Scientist,PBI
E5Z954,kb2dxR,8/3/2023 15:19,Gilda Julian,Female,26,Data Scientist,PBI
OldlPA,peZP7J,6/3/2023 11:52,Frannie Pieroni,Female,27,Data Scientist,PBI
oD5JJ5,RWAGVK,8/3/2023 15:13,Mina McDougle,Female,27,Data Analyst,PBI
Wrj8kP,RWA5Vj,8/3/2023 21:34,Levi Prangle,Male,27,Data Analyst,PBI
rBGBKL,dbyMYd,6/3/2023 11:52,Hadleigh Sturgis,Male,27,Data Scientist,PBI
7bpvW2,4aMLOr,9/3/2023 3:34,Howey Weepers,Male,27,Data Analyst,PBI
eDKQ5l,0VAQy0,6/3/2023 12:11,Gerrie Alejandre,Female,27,Data Scientist,PBI
YRkYXJ,Eq24QL,10/3/2023 9:04,Alfreda Mowle,Female,27,Data Analyst,PBI
vrzMLX,q5NRYk,11/3/2023 5:48,Katerina Eagan,Female,27,Data Analyst,PBI
PDrpYP,q5NRYk,11/3/2023 5:49,Deana Jerzykiewicz,Female,27,Data Analyst,PBI
vrEe08,xVzkLv,6/3/2023 12:20,Elka Wardlaw,Female,27,Data Scientist,PBI
2B1AbV,NqZaap,6/3/2023 12:46,Noami Bluck,Female,27,Data Scientist,DL
xj49Lk,vXZMo4,6/3/2023 19:18,Frederick Barfitt,Male,27,Data Scientist,DL
vrErB8,jeVRBJ,6/3/2023 11:52,Lynde McKeurtan,Female,28,Data Analyst,DL
xjRRXJ,ArgYZl,8/3/2023 2:47,Franklin Vye,Male,27,Data Scientist,DL
oDK2lP,ArXk0D,6/3/2023 13:13,Hedwiga Brosnan,Female,28,Data Analyst,DL
xj4QW9,OQVdP7,6/3/2023 15:41,Emery Hue,Male,28,Data Analyst,DL
6epQMN,jeEx29,9/3/2023 5:47,Thurstan Braithwaite,Male,27,Data Scientist,DL
2BDzbL,xVAz8d,9/3/2023 14:35,Jasmina Benoit,Female,27,Data Scientist,DL
xjlEvG,xVAz8d,9/3/2023 14:38,Sibbie Andriesse,Female,27,Data Scientist,DL
aezO8b,RWO8xd,11/3/2023 5:29,Kipp Mathew,Female,27,Data Scientist,DL
rBY5kR,q5NRYk,11/3/2023 5:59,Judah Vosse,Male,27,Data Scientist,DL
AK9zyz,q5NRYk,11/3/2023 5:59,Dewitt Buckthorp,Male,27,Data Scientist,DL
JdXd27,WJq44a,6/3/2023 11:51,Kimbell Gummory,Male,28,Data Scientist,DL
b9K9K1,kbzqBo,6/3/2023 11:56,Alick Chantree,Male,28,Data Scientist,DL
GKq8zk,peZRRE,8/3/2023 15:51,Dori Wisden,Female,28,Data Analyst,DL
5484VE,WJ7Wla,6/3/2023 11:58,Kerry Curran,Female,28,Data Scientist,DL
Xr1r9g,PRqxbb,6/3/2023 12:00,Mark Gogay,Male,28,Data Scientist,DL
QM418Y,dbRKDz,11/3/2023 5:54,Stephanie Brotherhed,Female,28,Data Analyst,DL
qaobbO,2jRl0j,6/3/2023 14:57,Tony Dupey,Male,28,Data Scientist,DL
zN2ZW8,LDr1MO,6/3/2023 16:27,Herc Lazenby,Male,28,Data Scientist,DL
qaoaP8,5XA7kZ,6/3/2023 11:52,Emelyne Batting,Female,29,Data Analyst,DL
Olb1yk,1WR8vp,7/3/2023 13:54,Johann O'Hannigan,Male,28,Data Scientist,DL
5484Lv,o9jPBx,6/3/2023 11:53,Rafaela Pawlowicz,Female,29,Data Analyst,DL
oD59De,o9xdQP,7/3/2023 14:39,Hestia Dudmarsh,Female,28,Data Scientist,DL
jb5b71,DqG85Z,6/3/2023 11:54,Rodd Warburton,Male,29,Data Analyst,DL
RdVRVp,NqaLrj,9/3/2023 2:53,Tynan Powlesland,Male,28,Data Scientist,DL
Rdkgpp,aOzVGb,10/3/2023 14:58,Luigi Rucklidge,Male,28,Data Scientist,DL
dNKNDV,vXzRZv,6/3/2023 11:54,Elvis Powley,Male,29,Data Scientist,DL
rBGBrX,2jo2pL,6/3/2023 11:55,Gregorio Tinghill,Male,29,Data Scientist,DL
Oldlda,OQVlzg,6/3/2023 11:56,Kiele Jerzycowski,Female,29,Data Scientist,DL
QMveMG,pe2EQB,6/3/2023 12:13,Rab Frie,Male,29,Data Scientist,DL
GKX99Z,9NKk8V,6/3/2023 12:13,Enos Cranson,Female,29,Data Scientist,DL
9Xp9oX,peZrDJ,6/3/2023 12:23,Gabie Fattorini,Male,29,Data Scientist,DL
QMvRzA,xV6dpo,6/3/2023 12:48,Bart Joontjes,Male,29,Data Scientist,DL
9Xp7YK,6DVdO5,6/3/2023 13:21,Glori Connochie,Female,29,Data Scientist,DL
6eARqB,7XEQkP,6/3/2023 16:40,Gertrude Gelling,Female,29,Data Scientist,DL
jb50Bx,5XO91P,6/3/2023 18:28,Walsh Blankhorn,Male,29,Data Scientist,DL
dN89Dy,o9xGx5,7/3/2023 17:23,Ted Ganderton,Female,29,Data Scientist,DL
Xr1rRP,xV6d4E,6/3/2023 11:55,Calv Padwick,Male,29,Data Analyst,DL
KeWdM8,M1GJRA,8/3/2023 15:51,Demetrius Licciardo,Male,29,Data Scientist,DL
MDvDJ8,o9zJX1,6/3/2023 11:54,Susana Bolte,Female,30,Data Scientist,DL
pdRdgy,BEeMbR,6/3/2023 12:07,Reed Corck,Male,30,Data Scientist,NLP
2B1aOb,M1xWNg,6/3/2023 12:21,Eleanora Cordner,Female,30,Data Scientist,NLP
qaoDpg,NqZaVp,6/3/2023 12:26,Reinold Cathersides,Male,30,Data Scientist,NLP
Vjv90g,Vpepky,6/3/2023 18:28,Webster Hinsche,Male,30,Data Scientist,NLP
PDvD70,yXaQp6,6/3/2023 12:07,Briney Anfossi,Female,29,Data Analyst,NLP
OlEQ6a,jeKGDa,11/3/2023 5:22,Jehanna Jeary,Female,30,Data Scientist,NLP
OlEal7,BEeMbR,11/3/2023 5:36,Delano Manuele,Male,30,Data Scientist,NLP
ZovN95,KpjdP7,6/3/2023 14:25,Donetta Parbrook,Female,29,Data Analyst,NLP
07Z4XA,7XyRp0,8/3/2023 15:14,Lavina Zettler,Female,29,Data Analyst,NLP
xj4jNk,Z9exMy,6/3/2023 11:55,Cinderella Branton,Female,31,Data Scientist,NLP
6eANDP,PRqKR1,6/3/2023 13:30,Howie Yule,Male,31,Data Scientist,NLP
Old5z8,yXaLO4,6/3/2023 14:03,Adrienne Tremeer,Female,31,Data Scientist,NLP
k9KY1j,q5NEV5,6/3/2023 15:08,Alessandra Colville,Female,31,Data Scientist,NLP
1kNW24,BEeNY1,7/3/2023 14:49,Arman De-Ville,Male,31,Data Scientist,NLP
8z6OL5,bZzabe,8/3/2023 15:20,Benito Gluyas,Male,31,Data Scientist,NLP
jbkDyE,e5oDbe,8/3/2023 17:18,Tiebout Ethington,Male,29,Data Analyst,NLP
MD6kJl,VpKGOM,8/3/2023 16:52,Shelba Stelli,Female,31,Data Scientist,NLP
PDGdVb,xV60Nv,8/3/2023 18:13,Valencia Fayne,Female,31,Data Scientist,NLP
vrd4Yl,la4NyW,9/3/2023 2:34,Frasquito Sirmon,Male,29,Data Analyst,NLP
54pByM,xV60Nv,8/3/2023 18:14,Merilyn Palmar,Female,31,Data Scientist,NLP
zN1EDk,e5VQOq,8/3/2023 18:22,Edwina Wimpeney,Female,31,Data Scientist,NLP
ZoZJAo,0VkX5Q,9/3/2023 2:08,Dew Philipart,Male,31,Data Scientist,NLP
jbk7M9,DqjD7N,9/3/2023 4:39,Allister Kliment,Male,31,Data Scientist,NLP
4BOB0X,KpXveV,11/3/2023 7:09,Chadd Lougheid,Male,29,Data Analyst,NLP
qakkx2,NqPzKW,9/3/2023 9:30,Evvy Poinsett,Female,31,Data Scientist,NLP
GKXKDO,5XOGYZ,6/3/2023 11:54,Farris Gorling,Male,30,Data Analyst,NLP
NDRP8O,Z9exMy,9/3/2023 10:28,Myrtle Novkovic,Female,31,Data Scientist,NLP
YRka2J,LDee22,10/3/2023 5:12,Gallard Dorant,Male,31,Data Scientist,NLP
oDvkRV,RWjEvj,10/3/2023 12:08,Astra Crummy,Female,31,Data Scientist,NLP
Rdkg7P,VpN26N,10/3/2023 14:58,Harbert Matijasevic,Male,31,Data Scientist,NLP
eDly9o,WJvvza,17/03/2023 14:58,Alexi Artingstall,Female,31,Data Scientist,NLP
rBGB0o,kbPoWR,6/3/2023 11:55,Patrice Teck,Female,32,Data Scientist,NLP
MDvDyp,zEdl2q,6/3/2023 12:01,Ibby Arnecke,Female,32,Data Scientist,NLP
E5vdqB,bZzPd6,6/3/2023 12:11,Lief Caldero,Male,32,Data Scientist,NLP
QMveO1,J1BqLJ,6/3/2023 12:23,Pavla Bonwell,Male,32,Data Scientist,NLP
oDKRl1,jezdO6,6/3/2023 12:47,Wileen Mott,Female,32,Data Scientist,NLP
xj4jek,1Wae0g,6/3/2023 12:09,Gare Le Quesne,Male,30,Data Analyst,NLP
b9Ke62,laExQo,6/3/2023 12:49,Candida Bruce,Female,32,Data Scientist,NLP
Olo1VY,RWjpz4,8/3/2023 17:28,Mela Woodhouse,Female,30,Data Analyst,NLP
9XpQ6E,PRqK0b,6/3/2023 13:40,Jermaine Galego,Male,32,Data Scientist,NLP
6epJ0B,RWjpz4,8/3/2023 17:34,Roderick Rivers,Male,30,Data Analyst,NLP
oDKpxM,kbr5vR,7/3/2023 1:34,Frasier Coxen,Male,32,Data Scientist,NLP
OldyeA,jeE02E,7/3/2023 2:33,Steve Cosin,Male,32,Data Scientist,NLP
Zo11Gz,KpE2x8,8/3/2023 3:10,Kit Purple,Female,32,Data Scientist,NLP
pdzrAE,BEeMbR,11/3/2023 5:46,Shayla Oventon,Female,30,Data Analyst,NLP
PDbyXQ,OQylVa,8/3/2023 8:57,Farley Charpling,Male,32,Data Scientist,NLP
7b1by6,GebMN2,6/3/2023 12:07,Janela Jaquiss,Male,31,Data Analyst,NLP
54e5RM,QoEKbY,8/3/2023 9:19,Tod Duffet,Male,32,Data Scientist,NLP
4B9yad,zE99PE,8/3/2023 9:24,Meredith Rains,Male,32,Data Scientist,NLP
NDbvoG,Vp6eVy,8/3/2023 10:40,Darla Gipson,Female,32,Data Scientist,NLP
4B95Or,QoEK2p,8/3/2023 15:31,Patin Mashro,Male,32,Data Scientist,NLP
JdXpYK,yX7xW8,6/3/2023 12:26,Lizzy Helks,Female,31,Data Analyst,NLP
Jde56R,Eq2qbq,8/3/2023 15:51,Jesse St. Louis,Female,32,Data Scientist,NLP
eD0dMo,8NXN7A,8/3/2023 16:14,Margo Biskupski,Female,32,Data Scientist,NLP
BKjOgN,M1VoeX,8/3/2023 17:00,Jennee Tinto,Female,32,Data Scientist,NLP
PDGvB1,q59ENY,9/3/2023 7:51,Junette Osant,Male,32,Data Scientist,NLP
2B75Ae,PRo9Ex,10/3/2023 15:04,Anatollo McClements,Male,32,Data Scientist,NLP
eDzMDO,q5NEBg,11/3/2023 5:36,Preston Moorerud,Male,32,Data Scientist,NLP
0717o9,2joM1e,6/3/2023 11:55,Padraic Bottle,Male,33,Data Scientist,NLP
rBGBJ2,vXzkyg,6/3/2023 11:56,Issiah Duthie,Male,33,Data Scientist,NLP
Xr1rQY,Eq6pRX,6/3/2023 11:58,Buddie Brennans,Male,33,Data Scientist,NLP
geYqLl,Z9QQ8A,6/3/2023 12:44,Aleen Stephens,Female,31,Data Analyst,NLP
aeKeqE,5XA75b,6/3/2023 12:05,Norbert Kitteman,Male,33,Data Scientist,NLP
Vjvj26,5XA75b,6/3/2023 12:09,Bradan Ackerley,Male,33,Data Scientist,NLP
548j2M,pe2Qbb,6/3/2023 12:17,Michaeline Druitt,Female,33,Data Scientist,NLP
4BAKJo,M1G8Vk,6/3/2023 13:04,Emanuele Harbidge,Male,31,Data Analyst,NLP
WrD0aa,NqZKkN,6/3/2023 16:08,Rachelle Furphy,Female,33,Data Scientist,NLP
LzvJ7G,zE9x18,6/3/2023 17:19,Doyle Foro,Male,33,Data Scientist,NLP
yNjE0X,PRxdN1,6/3/2023 17:28,Nanci Veschi,Female,33,Data Scientist,NLP
LzvW6J,Kpjdzz,6/3/2023 14:11,Ulrick Pentecust,Male,31,Data Analyst,NLP
zN2WX8,gblaJD,6/3/2023 18:54,Kirsteni Ledgard,Female,33,Data Scientist,NLP
Rdv8xP,EqRKNB,6/3/2023 18:55,Drusilla Binfield,Female,33,Data Scientist,NLP
aeKYJv,J1452K,6/3/2023 14:18,Findley Tofanini,Male,31,Data Analyst,NLP
8zAl7P,X5NGrP,7/3/2023 9:15,Noland Cutteridge,Male,33,Data Scientist,NLP
6eAdy5,Ge7JZp,6/3/2023 15:08,Raddy Nice,Male,31,Data Analyst,NLP
rBJa9L,RWNVxv,7/3/2023 16:31,Mattie Posselt,Female,33,Data Scientist,NLP
xjRKJy,Yj15K5,8/3/2023 15:21,Gal Trotter,Male,33,Data Scientist,NLP
xjReM9,5XJXyP,8/3/2023 16:15,Sherri Stanex,Female,33,Data Scientist,NLP
k9JDAd,PR7pN1,8/3/2023 16:49,Marcos Didsbury,Male,33,Data Scientist,NLP
WrjKqe,peQ0VZ,9/3/2023 8:34,Chrysa Ager,Female,33,Data Scientist,NLP
QMvbR8,0VkX5Q,7/3/2023 10:00,Gardie Franceschino,Male,31,Data Analyst,NLP
vrEr0g,zE69JR,6/3/2023 11:55,Yolanda Gewer,Female,34,Data Scientist,ML
VjvjbM,NqPzzQ,6/3/2023 11:56,Bunny Ripper,Female,34,Data Scientist,ML
lqKxjB,NqPzKW,7/3/2023 10:22,Noami Meneyer,Female,31,Data Analyst,ML
Rdvdjj,kbzqdj,6/3/2023 11:58,Benjy Hodjetts,Male,34,Data Scientist,ML
Xr8ZJP,kb2bZM,8/3/2023 15:48,Phillipp Giovannacci,Male,31,Data Analyst,ML
NDMDOl,vXW0JD,6/3/2023 11:59,Saxe McMurdo,Male,34,Data Scientist,ML
dNKNgo,VpNg0M,6/3/2023 12:00,Tiphanie Hunting,Female,34,Data Scientist,ML
E5v5YX,6DPope,6/3/2023 12:01,Staffard Antram,Male,34,Data Scientist,ML
8zAz9k,jez1OJ,6/3/2023 12:07,Vincenz Kiley,Male,34,Data Scientist,ML
Old41a,7XkA7a,6/3/2023 12:10,Jo Rabson,Female,34,Data Scientist,ML
WrDE9e,1WaeQg,6/3/2023 12:10,Donna Roskrug,Female,34,Data Scientist,ML
VjvQNj,7XEGBP,6/3/2023 12:24,Jennette Riping,Female,34,Data Scientist,ML
RdvDdP,Ar9kkk,6/3/2023 13:04,Northrup Cossentine,Male,34,Data Scientist,ML
Zov2YB,OQNREY,6/3/2023 13:11,Meaghan Hedworth,Female,34,Data Scientist,ML
2B1KDL,o9jJ1e,6/3/2023 13:15,Euell Aburrow,Male,34,Data Scientist,ML
aevlZB,0VkX5Q,10/3/2023 13:44,Alfi Farrer,Female,31,Data Analyst,ML
rBGBdX,dbyMlK,6/3/2023 11:54,Gusella Dymock,Female,32,Data Analyst,ML
xj4p4J,RW9E6Q,6/3/2023 14:35,Janet Moorey,Female,34,Data Scientist,ML
7b1Zl0,J1BGPX,6/3/2023 15:47,Lotta Balshaw,Female,34,Data Scientist,ML
oDKxvO,RWNDOv,6/3/2023 23:40,Reggie Armitage,Male,34,Data Scientist,ML
Vjb6pM,LDooQj,8/3/2023 13:22,Tuck McCaskell,Male,34,Data Scientist,ML
QMvMB1,2joqJp,6/3/2023 11:54,Darius Farragher,Male,32,Data Analyst,ML
WrDrpR,Vp6eVy,6/3/2023 11:54,Eldridge Casserly,Male,32,Data Analyst,ML
rBJ7yo,5XOq66,8/3/2023 15:16,Gilbertine Boldry,Female,34,Data Scientist,ML
E5Z9GX,6DgDDA,8/3/2023 15:37,Tressa Wragge,Female,34,Data Scientist,ML
eDKDNx,J14PDo,6/3/2023 11:55,Caren Deave,Female,32,Data Analyst,ML
OlkPRR,Ar9kkk,10/3/2023 7:27,Darnall O' Quirk,Male,34,Data Scientist,ML
MDvDZY,QoEK2p,6/3/2023 12:04,Junie Sleet,Female,32,Data Analyst,ML
PDkEoV,q596p5,10/3/2023 7:27,Chester Skillitt,Male,34,Data Scientist,ML
RdvdAP,X5Nxx4,6/3/2023 12:07,Gianina Layzell,Female,32,Data Analyst,ML
GKXlLO,vX9kAv,6/3/2023 13:38,Leese Knoller,Female,32,Data Analyst,ML
GK7ydL,DqQx4R,13/03/2023 13:19,Myra Iacobassi,Female,34,Data Scientist,ML
lq9le6,WJGAvP,18/03/2023 05:33,Armando Budden,Male,34,Data Scientist,ML
JdeBbX,gbl6XM,8/3/2023 7:08,Julietta Dayer,Female,32,Data Analyst,ML
YRp0DN,lazPZk,6/3/2023 12:10,Jill Lamminam,Female,35,Data Scientist,ML
DKAkNq,EqOR4X,6/3/2023 12:15,Abel Popley,Female,35,Data Scientist,ML
qaoDd7,pe2Elq,6/3/2023 12:16,Ursulina Kenward,Male,35,Data Scientist,ML
QMve77,aOzVzE,6/3/2023 12:14,Maye Norsister,Female,35,Data Scientist,ML
NDbGxO,M1W1yk,8/3/2023 16:05,Camel Scarlan,Female,32,Data Analyst,ML
lqKO7B,1WaLa4,6/3/2023 12:45,Janith McGeechan,Female,35,Data Scientist,ML
pdvJ5V,9NeqbQ,10/3/2023 11:52,Sig D'Elia,Male,32,Data Analyst,ML
pdzepP,lagp2N,11/3/2023 5:17,Darda Biasetti,Female,32,Data Analyst,ML
qaoaYO,yX1OQB,6/3/2023 11:55,Stanley Gedling,Male,33,Data Analyst,ML
4BA7Ed,o9x7Be,6/3/2023 12:51,Ertha Sawden,Female,35,Data Scientist,ML
9XpX6E,2joM1e,6/3/2023 11:55,Caria Byne,Female,33,Data Analyst,ML
pdRdR8,1WR8xL,6/3/2023 11:56,Vladamir Dalliwater,Female,33,Data Analyst,ML
xj4YXy,DqaQA5,6/3/2023 13:29,Rourke Magne,Male,35,Data Scientist,ML
9XpQVX,KpRzqk,6/3/2023 13:54,Griffie Deval,Male,35,Data Scientist,ML
lqKqvv,Eqab94,6/3/2023 11:58,Sigismondo Dalligan,Male,33,Data Analyst,ML
2B1Nrp,X5bXZO,6/3/2023 14:06,Allissa Scanlon,Female,35,Data Scientist,ML
E5ZKa2,o9P5xN,7/3/2023 15:23,Roxi Aymeric,Female,35,Data Scientist,ML
xj4MyJ,2jRJvV,6/3/2023 12:18,Ashien Wasmer,Female,33,Data Analyst,ML
NDbk5O,Eq2kar,8/3/2023 15:16,Keary Stavers,Male,35,Data Scientist,ML
9XRVq5,2jR1gD,8/3/2023 15:17,Sabine Youle,Male,35,Data Scientist,ML
8zAZkl,jeVKkQ,6/3/2023 13:09,Janenna Beneteau,Female,33,Data Analyst,ML
Olbvag,yXBPGg,8/3/2023 15:18,Lilyan Streatfield,Female,35,Data Scientist,ML
PDv5EQ,Vp6gga,6/3/2023 14:05,Ricky Tokley,Female,33,Data Analyst,ML
5481vP,pe2Qbb,6/3/2023 14:07,West Ruslinge,Male,33,Data Analyst,ML
Kevlkg,q5z6R5,6/3/2023 14:12,Nat Nind,Male,33,Data Analyst,ML
JdXRkr,4aG4Ro,6/3/2023 15:28,Aloin Schwieso,Male,33,Data Analyst,ML
Kek2LV,pezazZ,10/3/2023 17:57,Dyana Lanfranchi,Female,35,Data Scientist,ML
oDKBYX,q5lxV2,6/3/2023 15:38,Mala Mayou,Female,33,Data Analyst,ML
PDrpJd,EqOR4X,11/3/2023 6:15,Cynde Kinnear,Male,35,Data Scientist,ML
071BdB,6DBlBY,6/3/2023 12:12,Tara Ginner,Female,36,Data Scientist,ML
WrDEpQ,Kpj9eM,6/3/2023 12:20,Theobald Garnar,Male,36,Data Scientist,ML
PDvzXe,lazJ9p,6/3/2023 13:11,El Hulle,Male,36,Data Scientist,ML
E5vb82,Vpepog,6/3/2023 18:02,Viki Spurier,Female,33,Data Analyst,ML
DKAJDl,Yj65Kv,6/3/2023 17:26,Terri-jo Lowing,Female,36,Data Scientist,ML
WrDlJQ,peErJ8,6/3/2023 18:55,Deane Sign,Female,36,Data Scientist,ML
YRpXq0,2jRORD,7/3/2023 5:20,Cleon Roloff,Male,36,Data Scientist,ML
6eAGVo,2jRORD,7/3/2023 5:21,Marcelo Meecher,Male,36,Data Scientist,ML
2B10kD,J1PJxo,7/3/2023 11:18,Fallon Sillick,Male,36,Data Scientist,ML
AK4ZJB,yXBPA4,8/3/2023 15:24,Charmion O'Gorman,Female,36,Data Scientist,ML
PDbKN5,PRroKb,8/3/2023 15:37,Darbee Bernaldez,Male,36,Data Scientist,ML
YRpo0W,RWNWO4,6/3/2023 18:23,Zorana Mantram,Female,33,Data Analyst,ML
GKq8Ok,aOz7G2,8/3/2023 16:06,Norton Klaas,Male,36,Data Scientist,ML
YRxj4v,OQEv4k,8/3/2023 18:21,Irwin Whiteland,Male,36,Data Scientist,ML
k9klQ6,BE9Qr5,8/3/2023 19:13,Helaina Entwhistle,Female,36,Data Scientist,ML
Xr2EeY,0VKP9Q,9/3/2023 2:38,Faunie Holbury,Female,36,Data Scientist,ML
54p8lN,2jpxVL,9/3/2023 7:53,Bambi Bownde,Female,36,Data Scientist,ML
LzkOqy,8N9q7o,10/3/2023 13:21,Tuck Palumbo,Male,36,Data Scientist,ML
xj4WrJ,q5NOl8,7/3/2023 8:48,Jamima Copsey,Female,33,Data Analyst,ML
JdedLo,RWNVxv,7/3/2023 15:46,Marleah Jirieck,Female,33,Data Analyst,ML
RdkOYv,2j2r69,10/3/2023 22:24,Abbe Jendrassik,Female,36,Data Scientist,ML
dNzE6y,LDoM8p,11/3/2023 5:43,Leena Salmons,Female,36,Data Scientist,ML
b9zqMe,1WjGpl,11/3/2023 6:12,Sumner Dresser,Male,36,Data Scientist,ML
54eR4E,2jpE5j,8/3/2023 15:19,Arlinda Yanson,Female,33,Data Analyst,ML
eDzDBO,LDooo2,11/3/2023 6:44,Orly Embery,Female,36,Data Scientist,ML
KeWbEM,VpKpQy,8/3/2023 15:41,Bren Souten,Male,33,Data Analyst,ML
GKXo22,4aO5MY,6/3/2023 18:53,Bobbie Laughlin,Male,37,Data Scientist,ML
WrKvok,Eq2KKA,8/3/2023 16:20,Wolfie Leggott,Male,33,Data Analyst,ML
Old84k,KpRvPk,6/3/2023 18:57,Jonathon Durston,Male,37,Data Scientist,ML
Rdb76v,dbOElo,8/3/2023 16:31,Rudolph Huntingdon,Male,33,Data Analyst,ML
oDKKaX,2jRaVp,6/3/2023 19:57,Georgianna Wigginton,Female,37,Data Scientist,ML
xj44b9,9Nr2Zp,6/3/2023 20:00,Pierette Kopje,Male,37,Data Scientist,ML
pdkGdP,jeVKkQ,9/3/2023 2:28,Kane Fairbard,Male,33,Data Analyst,ML
E5Ng8X,gblaJD,9/3/2023 12:21,Linette Bolwell,Female,33,Data Analyst,ML
6eApve,9N4bZ1,6/3/2023 21:04,Nat Elks,Female,37,Data Scientist,ML
QMOXzp,VpK4PJ,9/3/2023 12:23,Alva Dodgshon,Male,33,Data Analyst,ML
lqKvEN,PRP8yV,6/3/2023 22:12,Cindie Carbin,Female,37,Data Scientist,ML
rBG1RM,M1Gv1l,7/3/2023 3:35,Lula Elintune,Female,37,Data Scientist,ML
zN28RR,6DVrek,7/3/2023 7:58,Harley Kiledal,Female,37,Data Scientist,ML
8zMVMl,vXRYdX,10/3/2023 16:52,Willis Forsythe,Male,33,Data Analyst,ML
xj4W9y,o9xKgN,7/3/2023 8:59,Pascale Hendron,Male,37,Data Scientist,ML
GKbjdL,Yj15K5,12/3/2023 6:18,Kata MacKnocker,Female,33,Data Analyst,ML
LzvAl1,2jRvaj,7/3/2023 13:29,Averell Diego,Male,37,Data Scientist,ML
RdvXEl,2jRvaj,7/3/2023 13:30,Barnaby Weighell,Male,37,Data Scientist,ML
7baq1z,ArQ6Ve,7/3/2023 15:20,Stan Hurcombe,Male,37,Data Scientist,ML
NDbraQ,5XVW4M,7/3/2023 15:32,Prentiss Mertsching,Male,37,Data Scientist,ML
Xr8r4P,7XPRKz,7/3/2023 15:41,Ilene Troker,Female,37,Data Scientist,ML
2BlBoA,q5rkAg,7/3/2023 15:53,Silvan Markovic,Male,37,Data Scientist,ML
dN80lN,VpxoEy,7/3/2023 16:49,Burg Hutley,Male,37,Data Scientist,ML
JdXd8r,4aO5Eo,6/3/2023 11:55,Timoteo Mallion,Male,34,Data Analyst,ML
oD5MrP,EqRaON,7/3/2023 18:59,Sean Syseland,Female,37,Data Scientist,ML
rBGBk2,xVWq0y,6/3/2023 11:57,Gibbie Fairleigh,Male,34,Data Analyst,ML
RdbbWP,xVq7Kk,8/3/2023 2:48,Cris Hartop,Male,37,Data Scientist,ML
GKXK5k,M1VB7Y,6/3/2023 11:58,Jody Tremaine,Male,34,Data Analyst,PBI
7baM66,M14jg8,8/3/2023 5:32,Chandal Gregson,Female,37,Data Scientist,PBI
jbJNe4,OQ6DrR,8/3/2023 15:18,Sunshine Dolby,Female,37,Data Scientist,PBI
6eAeaN,BERyY1,6/3/2023 12:08,Damian Brinklow,Male,34,Data Analyst,PBI
zN27E8,dbRqQA,6/3/2023 13:03,Tannie Ferrer,Male,34,Data Analyst,PBI
DKxQxE,dbRjJA,8/3/2023 15:30,Mira Feifer,Female,37,Data Scientist,PBI
b9KdVL,rDq5N5,6/3/2023 13:28,Truda Coath,Female,34,Data Analyst,PBI
zNGP50,DqW0pq,8/3/2023 16:07,Ford Penylton,Male,37,Data Scientist,PBI
JdMBod,OQRloA,10/3/2023 13:47,Bridie Newbury,Female,37,Data Scientist,PBI
OlED0R,9N4bZ1,11/3/2023 3:45,Veronika Yukhin,Female,37,Data Scientist,PBI
vrEqyg,2jo20V,6/3/2023 19:00,Rick Bukowski,Male,38,Data Scientist,PBI
qaoM5Y,q5rd4d,7/3/2023 2:53,Joell Spat,Female,38,Data Scientist,PBI
RdvP84,X5bXE4,6/3/2023 13:41,Swen Jennaway,Male,34,Data Analyst,PBI
oDKP5x,Geb8go,7/3/2023 9:35,Loria Hoggin,Female,34,Data Analyst,PBI
9XpyoV,bZzPKo,7/3/2023 3:22,Harbert Bonnin,Male,38,Data Scientist,PBI
xjRKYy,Kp9YNA,8/3/2023 15:22,Giorgio Hunnywell,Male,34,Data Analyst,PBI
dNKoaN,BE96k4,7/3/2023 5:52,Towney Clavey,Male,38,Data Scientist,PBI
BKe1lQ,Geb8go,11/3/2023 13:36,Albina Huthart,Female,34,Data Analyst,PBI
548NEP,VpeMzv,7/3/2023 10:46,Benni Gilderoy,Female,38,Data Scientist,PBI
dNz22z,e5bPyk,11/3/2023 17:07,Lotta Geroldi,Female,34,Data Analyst,PBI
k9KeNR,e5z45o,6/3/2023 12:14,Ethelbert Iannitti,Male,35,Data Analyst,PBI
4BA5Jd,VpeMxM,7/3/2023 11:12,Mikkel Vinten,Male,38,Data Scientist,PBI
AK4KkD,bZp6No,7/3/2023 16:04,Katherine Sibbson,Female,38,Data Scientist,PBI
MD6BKk,WJZlba,8/3/2023 15:17,Zolly Izen,Male,38,Data Scientist,PBI
WrDE0J,2joQ2e,6/3/2023 12:17,Dana Milberry,Male,35,Data Analyst,PBI
548jlb,laExq5,6/3/2023 12:20,Merry Howsin,Male,35,Data Analyst,PBI
Rdbpxj,M1WegM,8/3/2023 15:18,Valaree Arnal,Female,38,Data Scientist,PBI
geY574,2j6MLe,6/3/2023 15:00,Astra Casillas,Female,35,Data Analyst,PBI
vrELZl,WJq4GP,6/3/2023 17:10,Winthrop Guirau,Male,35,Data Analyst,PBI
qaJ6L9,dbOWpo,8/3/2023 15:19,Worden Balazin,Male,38,Data Scientist,PBI
9Xpb9G,X5NYJg,7/3/2023 11:52,Stesha McFade,Female,35,Data Analyst,PBI
PDbK1V,rDqG12,8/3/2023 15:20,Norma Light,Female,38,Data Scientist,PBI
PDbKP1,Eq2kar,8/3/2023 15:32,Caitlin Caltun,Female,35,Data Analyst,PBI
E5MQKo,dbRZlV,10/3/2023 5:19,Kinny Eager,Male,35,Data Analyst,PBI
Xr8Xe4,4aM4YO,8/3/2023 15:23,Iain Knibbs,Male,38,Data Scientist,PBI
jbJNxR,7XE6xz,8/3/2023 15:25,Susan Ellesmere,Female,38,Data Scientist,PBI
PDbVY5,OQ6QdA,8/3/2023 15:54,Beauregard Calcraft,Male,38,Data Scientist,PBI
WrjKdv,2jpbJb,9/3/2023 8:38,Rad Waylett,Male,38,Data Scientist,PBI
DKZ8rE,WJLBPe,9/3/2023 17:55,Erie McDowall,Male,38,Data Scientist,PBI
YRkGz0,KpGX97,10/3/2023 3:22,Jerrie Dwyer,Male,38,Data Scientist,PBI
9X4BMV,LDVDKJ,11/3/2023 6:01,Harlin Blinco,Male,35,Data Analyst,PBI
ZovPRz,LDr9jG,6/3/2023 19:07,Jackie Barkway,Male,40,Data Scientist,PBI
548QJo,DqaQzl,7/3/2023 1:50,Shelton Lewins,Male,40,Data Scientist,PBI
xj41dJ,7XPeeZ,7/3/2023 3:06,Marrissa Guiett,Female,40,Data Scientist,PBI
8zAgV5,WJqyjJ,7/3/2023 4:32,Sidnee Heselwood,Male,40,Data Scientist,PBI
xjzjay,e5z45o,11/3/2023 6:41,Arel Leeburn,Male,35,Data Analyst,PBI
1kDdW1,rDqaQL,6/3/2023 12:11,Ophelia Guidotti,Female,36,Data Analyst,PBI
aeK5dv,jeVR1a,6/3/2023 12:15,Whitney Tod,Male,36,Data Analyst,PBI
2BlKkV,dbMzWo,7/3/2023 17:20,Cord Hemphrey,Male,40,Data Scientist,PBI
WrKpYv,2joQ7j,7/3/2023 23:59,Delinda Rentz,Female,40,Data Scientist,PBI
MD6BYg,8NX14A,8/3/2023 15:26,Rudolph Checcuzzi,Male,40,Data Scientist,PBI
6eWa7J,jeEDdE,8/3/2023 15:50,Karine Hurt,Female,40,Data Scientist,PBI
54e6RQ,4aMBKo,8/3/2023 17:09,Padraic Haith,Male,40,Data Scientist,PBI
eDKeZl,4aGv5B,6/3/2023 13:57,Emilio Arnaudet,Male,36,Data Analyst,PBI
geJ2e4,6D4xpN,8/3/2023 15:19,Theo Auckland,Female,36,Data Analyst,PBI
DKZ2rX,zEkNVk,8/3/2023 17:41,Bax Bourdas,Male,40,Data Scientist,PBI
2Bl0dL,bZzPrL,8/3/2023 15:38,Ferris Ollington,Male,36,Data Analyst,PBI
dNzEvK,bZANgZ,11/3/2023 6:00,Hermie Barmby,Male,40,Data Scientist,PBI
geYW9J,RWjp8d,6/3/2023 18:58,Major Heber,Male,41,Data Scientist,PBI
DKAaYb,jeRlxY,6/3/2023 22:53,Enrika Cersey,Female,41,Data Scientist,PBI
AKA0Gl,Yj6WaW,7/3/2023 1:39,Danyette Burgoyne,Female,41,Data Scientist,PBI
2B15Oj,M14zy8,7/3/2023 2:19,Deny McGeneay,Female,41,Data Scientist,PBI
GKX4Ne,Nqj6EW,7/3/2023 3:50,Biron Giberd,Male,41,Data Scientist,PBI
PDvWee,Yj6QEB,7/3/2023 4:29,Joey Grzelczak,Male,41,Data Scientist,PBI
BKAy2K,aOllxb,7/3/2023 9:36,Addy Priter,Male,41,Data Scientist,PBI
JdXQ1R,Eq6jjq,7/3/2023 9:57,Gunter Frise,Male,41,Data Scientist,PBI
lqYJrN,DqalrE,8/3/2023 15:49,Wilhelm Watt,Male,36,Data Analyst,PBI
eDYAgq,WJLoxv,9/3/2023 1:15,Benji Frascone,Male,36,Data Analyst,PBI
E5v2JL,aOzVqX,7/3/2023 10:08,Basile Vasyanin,Male,41,Data Scientist,PBI
2B1Q8L,KpRvl8,7/3/2023 11:47,Connie Narup,Female,41,Data Scientist,PBI
4BOQAA,1WBVRL,11/3/2023 5:55,Kalvin Neubigging,Male,36,Data Analyst,PBI
YR9QXz,la400N,11/3/2023 12:02,Thornton Dormon,Male,36,Data Analyst,PBI
2B1ore,q5rRL7,6/3/2023 22:35,Masha Gellier,Female,37,Data Analyst,PBI
2B1Qyp,EqRba2,7/3/2023 12:14,Yvor Ludwig,Male,41,Data Scientist,PBI
Xr8Jkd,OQVPGY,7/3/2023 16:28,Valery Eckert,Female,41,Data Scientist,PBI
JdeORd,6DlPJJ,7/3/2023 17:20,Caitrin Eppson,Female,41,Data Scientist,PBI
Zo16j0,peEZOJ,7/3/2023 18:23,Ugo Beal,Male,41,Data Scientist,PBI
aeAGvq,ArQAOe,7/3/2023 21:22,Chrissy Gammons,Female,41,Data Scientist,PBI
rBGpP2,M1GOJX,7/3/2023 1:13,Sunshine Hoyland,Female,37,Data Analyst,PBI
rBGprv,2jo05b,7/3/2023 1:25,Shanta Ronchka,Female,37,Data Analyst,PBI
qaJolG,X5a76d,8/3/2023 2:35,Eolande Corten,Female,41,Data Scientist,PBI
RdV8Ej,6DVYQ5,9/3/2023 7:33,Yuri Rickis,Male,41,Data Scientist,PBI
1kDx54,2jWNKD,7/3/2023 1:37,Abdul Mcsarry,Male,37,Data Analyst,PBI
MDMVbA,gbzKgd,10/3/2023 13:08,Zsa zsa Sailes,Female,41,Data Scientist,PBI
1kRX5Q,OQVPGY,11/3/2023 6:07,Bengt Buy,Male,41,Data Scientist,PBI
zNvMdR,rDxa0L,16/03/2023 07:25,Mei Emmitt,Female,41,Data Scientist,PBI
Old8YR,4aGpor,6/3/2023 19:05,Christoffer Filipiak,Male,42,Data Scientist,PBI
NDMM4j,9N4bXG,6/3/2023 19:46,Shaine Hurkett,Male,42,Data Scientist,PBI
pdRQAV,o9xKgN,7/3/2023 10:05,Lenka Roselli,Female,37,Data Analyst,PBI
6eAWzP,bZpjOL,6/3/2023 20:36,Cordelia Matskiv,Female,42,Data Scientist,PBI
2B1ZeD,M1VBLA,7/3/2023 1:16,Doy Aloshkin,Male,42,Data Scientist,SQL
6eA9V5,o9PMRb,7/3/2023 1:34,Evvy Manterfield,Female,42,Data Scientist,SQL
1kDxel,aOl2qq,7/3/2023 1:48,Wallache Rigney,Male,42,Data Scientist,SQL
VjvyVM,Vpe5xN,7/3/2023 2:13,Camella Coulling,Female,42,Data Scientist,SQL
RdbxbP,ArQ6Ve,7/3/2023 15:21,Rycca Bladge,Female,37,Data Analyst,SQL
BKjK7e,7XPRKz,7/3/2023 15:42,Jamison Skyrme,Male,37,Data Analyst,SQL
rBJODN,Argyll,7/3/2023 16:41,Angeline Paskerful,Female,37,Data Analyst,SQL
WrKRNP,LDrkYl,7/3/2023 16:46,Dar Charnick,Male,37,Data Analyst,SQL
9Xp5e5,vXzRoA,7/3/2023 2:45,Elaina Pinor,Female,42,Data Scientist,SQL
Zovkba,KpEoN8,7/3/2023 7:14,Berton Fransoni,Male,42,Data Scientist,SQL
VjbgGy,Eq6ppN,8/3/2023 15:18,Gabriele Fontanet,Male,42,Data Scientist,SQL
jbJNla,J1Q9x4,8/3/2023 15:21,Jessika Athelstan,Female,42,Data Scientist,SQL
2Bl0PL,vXlGvv,8/3/2023 15:22,August Liversedge,Male,42,Data Scientist,SQL
vrJkx8,5XJBAP,8/3/2023 15:28,Etty Lathe,Female,42,Data Scientist,SQL
MD6oeE,LDeDbj,8/3/2023 15:45,Carine Inkin,Male,42,Data Scientist,SQL
DKxOpl,0VAoRZ,8/3/2023 11:49,Casar Loines,Male,37,Data Analyst,SQL
zNLJZq,DqW0pq,10/3/2023 8:51,Eliot Crauford,Male,37,Data Analyst,SQL
KeGpG7,VpxoEy,11/3/2023 5:04,Tremaine Dukes,Male,37,Data Analyst,SQL
GKbe7o,PRP8yV,11/3/2023 5:04,Garrek Nodes,Male,37,Data Analyst,SQL
lqzKbv,M1Gv1l,11/3/2023 19:03,Adara Gruszka,Female,37,Data Analyst,SQL
MD6oX8,M1VBLA,8/3/2023 15:46,Tove Boriston,Female,42,Data Scientist,SQL
geJKaJ,LDeDbj,8/3/2023 15:46,Norrie Piggrem,Female,42,Data Scientist,SQL
VjbR9j,jeEeKY,8/3/2023 16:53,Yevette Isac,Female,42,Data Scientist,SQL
rBkyol,kbzqqR,8/3/2023 17:16,Elsy Dyneley,Female,42,Data Scientist,SQL
2B1O4D,Qo4gXY,6/3/2023 19:01,Dasya Coundley,Female,43,Data Scientist,SQL
PDv8JB,NqPK2l,6/3/2023 19:21,Denna Filmer,Male,43,Data Scientist,SQL
oDKgGP,KpRYR7,7/3/2023 0:19,Joey Tutin,Male,43,Data Scientist,SQL
E5vAgB,KpE1Gg,7/3/2023 0:43,Alecia Fernanando,Male,43,Data Scientist,SQL
WrDQ4J,yX7x1g,7/3/2023 0:58,Ronny Brian,Male,43,Data Scientist,SQL
PDvxyb,4a6vQO,7/3/2023 9:41,Ruth Freeborn,Female,38,Data Analyst,SQL
JdXGyJ,yX7x1g,7/3/2023 0:58,Jesus Beardwell,Male,43,Data Scientist,SQL
AKA1GB,LDrMoJ,7/3/2023 12:13,Janna Basire,Female,38,Data Analyst,SQL
qaoMbk,jeRyoY,7/3/2023 3:06,Adella Draper,Female,40,Data Analyst,SQL
4BpbNY,6D9l2Y,9/3/2023 17:03,Idalina Carle,Female,40,Data Analyst,SQL
qaoel5,VpNRN6,7/3/2023 2:40,Sherlock Butteris,Male,43,Data Scientist,SQL
PDvy71,GeGdWo,7/3/2023 2:43,Antonius Paridge,Male,43,Data Scientist,SQL
ZovX6B,7XPq2P,7/3/2023 5:00,Amelina McGowan,Female,43,Data Scientist,SQL
JdMrjR,DqLdeZ,10/3/2023 17:34,Janine Ricciardello,Female,40,Data Analyst,SQL
zN2WvE,gbOkpd,6/3/2023 19:15,Fanya Dand,Female,41,Data Analyst,SQL
jb54K1,VpNrga,7/3/2023 7:20,Sonny Lugard,Male,43,Data Scientist,SQL
rBG9zX,X5N9rd,7/3/2023 7:23,Pembroke Wloch,Male,43,Data Scientist,SQL
Lzv49p,5X7k7M,7/3/2023 7:29,Alexa Hugin,Female,43,Data Scientist,SQL
9XpKy4,VpeVvJ,7/3/2023 9:06,Malchy Sugg,Male,43,Data Scientist,SQL
8zAA5A,QoZMEY,6/3/2023 19:55,Johnna Ecclesall,Female,41,Data Analyst,SQL
b9KDbg,rDY7q5,7/3/2023 1:54,Luella Biskupski,Female,41,Data Analyst,SQL
k9K1dR,Dq8N2b,7/3/2023 2:52,Sunshine Hainsworth,Female,41,Data Analyst,SQL
Lzvxvl,e5JAvx,7/3/2023 6:59,Elias Dablin,Male,41,Data Analyst,SQL
k9KobM,bZzBPe,7/3/2023 9:20,Lyman Lapley,Male,43,Data Scientist,SQL
jb5RZE,bZzBPe,7/3/2023 9:20,Mickie Grimsdale,Male,43,Data Scientist,SQL
8zA9Px,gbz2AD,7/3/2023 10:43,Jasper McCreery,Male,43,Data Scientist,SQL
vrJPyv,6DlPJJ,7/3/2023 17:18,Alaric Whipple,Male,41,Data Analyst,SQL
JdXN0Y,4aGLdO,7/3/2023 12:37,Lammond Lottrington,Male,43,Data Scientist,SQL
GKXNpk,Ge7Dpp,7/3/2023 13:05,Ahmed Loadwick,Male,43,Data Scientist,SQL
jbJZ64,yX7P0x,7/3/2023 15:11,Catie Mablestone,Female,43,Data Scientist,SQL
aeAYav,zEdaK8,7/3/2023 18:41,Eamon McOmish,Male,41,Data Analyst,SQL
rBJBEN,KpE1Gg,7/3/2023 15:46,Katheryn Simeonov,Female,43,Data Scientist,SQL
RdbV0v,vXz79v,8/3/2023 3:56,Sherlocke Keatch,Male,43,Data Scientist,SQL
54ePRv,Dq8l6R,8/3/2023 13:17,Vincenty Daelman,Male,43,Data Scientist,SQL
9XoPJp,Vpx9vy,9/3/2023 14:34,Ingelbert Ascrofte,Male,43,Data Scientist,SQL
pdvN68,5XOLyN,10/3/2023 17:33,Norton Styche,Male,43,Data Scientist,SQL
2BD8Og,rDeBvl,8/3/2023 17:24,Gisella Veall,Female,41,Data Analyst,SQL
MDgVyg,1WBvb4,15/03/2023 15:03,Tara Pennazzi,Female,43,Data Scientist,SQL
gevxAM,rDeBvl,10/3/2023 16:11,Emma Dell Casa,Female,41,Data Analyst,SQL
AKA0Me,o9xB2O,7/3/2023 1:46,Dyna Jahnke,Female,42,Data Analyst,SQL
548obQ,rD4lA5,7/3/2023 4:52,Rudolfo Klaussen,Male,42,Data Analyst,SQL
yNjeyX,OQ57lg,6/3/2023 19:02,Donia Kitt,Female,44,Data Scientist,SQL
dN8N4V,kbzM96,7/3/2023 15:58,Diann Danford,Female,42,Data Analyst,SQL
dNKQzy,yX1OL4,6/3/2023 19:13,Isabelita Waylett,Female,44,Data Scientist,SQL
YRpVq6,yX1OL4,6/3/2023 19:13,Andrei McLise,Female,44,Data Scientist,SQL
JdXgPR,rDqKAR,7/3/2023 1:48,Iosep Tumilson,Male,44,Data Scientist,SQL
WrK20a,EqQxl4,7/3/2023 15:16,Luther Deavin,Female,44,Data Scientist,SQL
GKq6Lo,EqQxl4,7/3/2023 15:16,Randee Smead,Female,44,Data Scientist,SQL
rBJoRR,Z9Q945,7/3/2023 17:35,Reinold Tomasik,Male,42,Data Analyst,SQL
Vj4L5g,GeZ96p,8/3/2023 17:49,Kynthia Champagne,Female,44,Data Scientist,SQL
PDGdAV,GeZ96p,8/3/2023 17:51,Sutton Regnard,Male,44,Data Scientist,SQL
eD04Mk,Dqj4YR,8/3/2023 15:19,Malanie Hallbord,Female,42,Data Analyst,SQL
yNz2q8,jeEeKY,10/3/2023 2:23,Granville Glander,Male,42,Data Analyst,SQL
7bMKbZ,4aM6Ob,10/3/2023 3:03,Klaus Baggalley,Male,42,Data Analyst,SQL
GKQaop,PR7rZ1,9/3/2023 14:35,Pincas Stewart,Male,44,Data Scientist,SQL
PDrpE0,rDgZ0R,11/3/2023 5:45,Francklyn Blagburn,Male,44,Data Scientist,SQL
oDYJvX,rDgZ0R,20/03/2023 01:51,Leicester Eaves,Male,44,Data Scientist,SQL
gevxMK,Ge70Lk,10/3/2023 16:09,Filberte Webburn,Male,42,Data Analyst,SQL
zN2Wpa,BEyKpQ,6/3/2023 19:29,Demetre Beevis,Male,45,Data Scientist,SQL
rBYD4o,0V4b2y,11/3/2023 5:20,Lissie Chimes,Female,42,Data Analyst,SQL
Xr19VV,OQERvK,7/3/2023 1:04,Rosemonde Pollie,Female,45,Data Scientist,SQL
8zA5Qk,4aOZgb,7/3/2023 2:07,Jillie Swafield,Female,45,Data Scientist,SQL
QMvyQ1,WJqv9v,7/3/2023 2:41,Derk Quickenden,Female,43,Data Analyst,SQL
E5vryq,zE9Ky1,7/3/2023 4:42,Aldwin Mathon,Male,43,Data Analyst,SQL
pdRqZJ,0Vk420,7/3/2023 7:05,Margarete Dyter,Female,43,Data Analyst,SQL
E5vYLB,1WRqr4,7/3/2023 2:13,Hugibert Gallagher,Male,45,Data Scientist,SQL
GKXOdo,KpRL7X,7/3/2023 7:37,Tyler Adame,Male,43,Data Analyst,SQL
4BAl1d,VpNrga,7/3/2023 7:47,Dominique Swancott,Female,43,Data Analyst,SQL
E5vYGA,QoEe2g,7/3/2023 2:36,Constantine Rief,Male,45,Data Scientist,SQL
1kDyrL,dbz7Bz,7/3/2023 3:07,Della Tall,Female,45,Data Scientist,SQL
DKARG5,5X7k7M,7/3/2023 8:03,Ameline Farlambe,Female,43,Data Analyst,SQL
yNjBvW,6DlvMk,7/3/2023 10:08,Neils Volette,Male,45,Data Scientist,SQL
Xr8Koe,6DgDbO,8/3/2023 16:16,Arv Cressy,Male,45,Data Scientist,SQL
Vj4YEv,YjqDQW,9/3/2023 3:20,Saidee O'Lynn,Female,45,Data Scientist,SQL
rBv1ap,1Wj4q1,10/3/2023 15:35,Giulio Hollier,Male,45,Data Scientist,SQL
dNvG0D,zEVDd8,10/3/2023 17:50,Felike Frankling,Male,45,Data Scientist,SQL
RdvyMK,4a6jPB,7/3/2023 8:14,Marleah von Nassau,Female,43,Data Analyst,SQL
JdMj5o,0VlOLj,10/3/2023 18:23,Nathaniel Veneur,Male,45,Data Scientist,SQL
GKXG4j,LDrYzG,7/3/2023 9:42,Sibilla MacCulloch,Female,43,Data Analyst,SQL
6eAq5A,4aGv4Y,7/3/2023 10:53,Shay Darwent,Female,43,Data Analyst,SQL
GKXWWZ,Z9QlWz,7/3/2023 11:44,Laurena Ferneley,Female,43,Data Analyst,SQL
k9KMvR,5X7k7M,7/3/2023 12:08,Bronny Sunshine,Male,43,Data Analyst,SQL
WrK9RR,2jRjR9,7/3/2023 13:36,Raleigh Glassford,Male,43,Data Analyst,SQL
zNGjEk,7XEBYR,7/3/2023 15:09,Udall Yurkin,Male,43,Data Analyst,SQL
RdjWgl,5XdbaE,11/3/2023 5:07,Mac MacNess,Male,45,Data Scientist,SQL
6eWLPN,laGYzX,7/3/2023 15:23,Donnie Bratcher,Male,43,Data Analyst,SQL
JdoqeK,e5gXre,11/3/2023 5:56,Kerwinn Loughead,Male,45,Data Scientist,SQL
2BlqPA,Yj1Pvz,8/3/2023 16:46,Evy Barrick,Female,43,Data Analyst,SQL
7b1z0L,WJZPoL,7/3/2023 3:37,Hilda Denzey,Female,49,Data Scientist,SQL
Rdv6D9,o9PyY5,7/3/2023 4:00,Asher Jovicic,Male,49,Data Scientist,SQL
6eAYLO,5X7dYP,7/3/2023 5:49,Bernardina Mulles,Female,49,Data Scientist,SQL
KeWQrg,gblWVK,7/3/2023 13:59,Lorettalorna Sach,Female,49,Data Scientist,SQL
pdke5Z,q59G4O,8/3/2023 18:34,Torie Pimmocke,Female,43,Data Analyst,SQL
4B955B,gbOZjD,8/3/2023 15:42,Auria Jeppe,Female,49,Data Scientist,SQL
6eWazA,RWrYr4,8/3/2023 16:03,Carlyn Doley,Female,49,Data Scientist,SQL
jbkWGa,xV698o,9/3/2023 3:46,Haywood Le Jean,Male,43,Data Analyst,SQL
PDGXoP,jejWk9,9/3/2023 5:13,Stillmann Hamerton,Male,43,Data Analyst,SQL
gek1D4,7XyMxR,9/3/2023 13:19,Warner Iacomo,Male,43,Data Analyst,SQL
dNkjbz,yXBxe6,9/3/2023 3:23,Frederica Kures,Male,49,Data Scientist,DL
OlkVvY,OQEv6g,10/3/2023 13:59,Becka Venton,Female,49,Data Scientist,DL
rBvWrM,M10avA,10/3/2023 15:12,Matilde Heersma,Female,43,Data Analyst,DL
07kMP0,5XOLyN,11/3/2023 13:18,Stefan Osmant,Male,43,Data Analyst,DL
9XrkEV,gbOZjD,13/03/2023 17:33,Dixie Wheildon,Female,49,Data Scientist,DL
eDK9N0,6DlL0e,6/3/2023 19:08,Naoma Gatrell,Female,51,Data Scientist,DL
DKA00q,YjqlJW,6/3/2023 19:08,Margarethe Casella,Female,51,Data Scientist,DL
E5v88X,BEeNK4,6/3/2023 19:08,Hubert Wardingly,Male,51,Data Scientist,DL
jbzLda,zEbJXM,11/3/2023 15:23,Roderich Moulds,Male,43,Data Analyst,DL
1kDDdO,zE9NDa,6/3/2023 19:33,Jenelle Kennealy,Female,51,Data Scientist,DL
071Z90,2jWabV,6/3/2023 20:43,Chrysler Cymper,Female,51,Data Scientist,DL
jb5kd6,8Nr74k,6/3/2023 21:33,Orran Curnnok,Male,51,Data Scientist,DL
6eArbP,yX9JAg,6/3/2023 19:29,Gray Maudlin,Male,44,Data Analyst,DL
2B1RaL,pezglV,6/3/2023 23:20,Josefa Purcer,Female,51,Data Scientist,DL
xj4ejr,5XOey6,7/3/2023 12:29,Sherry Sherland,Female,45,Data Analyst,DL
Oldgj8,RWN5GQ,7/3/2023 1:26,Arne Norquay,Male,51,Data Scientist,DL
AKA56z,EqRQg2,7/3/2023 2:17,Jeffrey Tschursch,Male,51,Data Scientist,DL
MDMqVY,jeKlQR,10/3/2023 15:49,Lane Warrener,Male,45,Data Analyst,DL
7b154Z,Yj6Wyv,7/3/2023 2:19,Debor Bellard,Female,51,Data Scientist,DL
b9vXJe,DqLzEN,10/3/2023 17:02,Melly Hawkslee,Female,45,Data Analyst,DL
OlkZrM,Vpr55j,10/3/2023 17:29,Mirella Rouff,Male,45,Data Analyst,DL
8zAyo5,jezNOa,7/3/2023 2:51,Margy Pople,Male,51,Data Scientist,DL
pdR1LE,NqPko0,7/3/2023 3:07,Stacy Broune,Male,51,Data Scientist,DL
pdRd7P,BERyZK,6/3/2023 11:54,Carolyne Downing,Female,48,Data Analyst,DL
4BAR4d,EqRPWq,7/3/2023 4:49,Arabele Nolda,Male,51,Data Scientist,DL
YRpgx6,9NkDXE,7/3/2023 1:31,Moll Grissett,Female,49,Data Analyst,DL
KeWb4A,gbEbbP,8/3/2023 15:37,Wright Dot,Male,49,Data Analyst,DL
eD0v6q,6DVrBe,8/3/2023 4:53,Donnajean Goodbairn,Female,51,Data Scientist,DL
6eWa1e,zEkE1Z,8/3/2023 15:56,Randie Ledgerton,Female,51,Data Scientist,DL
zN1eWE,dbOPDV,9/3/2023 1:50,Cassandry Sellens,Female,51,Data Scientist,DL
lqvjVp,4aZxBd,10/3/2023 17:24,Stoddard Salzburger,Female,51,Data Scientist,DL
BKAj2R,yXQ2YX,6/3/2023 20:29,Rubi Middas,Female,51,Data Analyst,DL
zNdj0k,o9Jlo5,11/3/2023 5:53,Aubrey Hearty,Male,51,Data Scientist,DL
DKAAq5,PRrKlV,6/3/2023 19:31,Kally Brayshay,Female,54,Data Scientist,DL
Rdvgyj,9NkD1Q,7/3/2023 1:47,Seth McTiernan,Male,54,Data Scientist,DL
GKX4E2,1WelDQ,7/3/2023 3:38,Aliza Triggel,Female,54,Data Scientist,DL
NDMQyB,7XAW9Z,7/3/2023 3:31,Base Woodes,Male,51,Data Analyst,DL
NDbkWQ,2jpEzV,8/3/2023 15:22,Kellina Sharkey,Female,54,Data Scientist,DL
oD5WrM,OQEvrA,8/3/2023 15:44,Annamaria Rowan,Female,54,Data Scientist,DL
Xr8Z9e,rDqv2X,8/3/2023 16:01,Finlay Leftridge,Male,54,Data Scientist,DL
k9kbWe,RWAM9p,8/3/2023 18:26,Elsworth Linch,Male,54,Data Scientist,DL
1kDe6p,aOLENv,7/3/2023 9:37,Zenia Cockill,Female,51,Data Analyst,DL
AKjqgN,2jRBMV,9/3/2023 5:11,Debor Hoyte,Female,54,Data Scientist,DL
rBJJER,PRP8od,8/3/2023 3:04,Care Chieze,Male,51,Data Analyst,DL
ZoZX9v,2jRvV9,9/3/2023 14:25,Lannie Nancekivell,Male,54,Data Scientist,DL
YRJkjJ,jeR86Q,8/3/2023 4:43,Farlie Bartalucci,Male,51,Data Analyst,DL
jbv69Q,7XEGXz,10/3/2023 2:22,Xaviera Corona,Female,51,Data Analyst,DL
07aM9B,bZoPA0,10/3/2023 7:24,Warren Reoch,Male,51,Data Analyst,DL
k9zxPj,Ge7AqL,12/3/2023 4:42,Foster Adrienne,Male,51,Data Analyst,DL
oDK1VN,Argddy,7/3/2023 3:14,Linzy Overington,Female,54,Data Analyst,DL
7b1r6A,peEVlV,7/3/2023 8:43,Alyda Philcox,Female,54,Data Analyst,DL
dN8rdq,X5QjVd,8/3/2023 15:21,Nathaniel Soigoux,Male,54,Data Analyst,DL
PDbKO5,bZo5Eg,8/3/2023 15:22,Cordi Senter,Female,54,Data Analyst,DL
Kekx17,2jo2Qp,10/3/2023 3:10,Titus Shillaker,Male,54,Data Scientist,DL
RdkX4P,xVGP15,11/3/2023 1:27,Johannah Livsey,Female,54,Data Scientist,DL
54pzeM,X5pe1O,8/3/2023 23:22,Lisha Hampe,Female,54,Data Analyst,DL
2BDvYb,peZ70V,9/3/2023 4:05,Patsy Shearmer,Male,54,Data Analyst,DL
GK542Z,jeEvvJ,10/3/2023 16:02,Spike Boddis,Male,54,Data Analyst,DL
NDPrrB,0VGRBA,11/3/2023 5:34,Darsey Feek,Female,54,Data Analyst,DL
1kpvRW,aOR01v,9/3/2023 3:53,Ruthi Scarth,Female,64,Data Analyst,DL
vrzX7D,2jRvV9,11/3/2023 5:29,Simona Thacker,Female,54,Data Scientist,DL
OlVx98,bZANv1,13/03/2023 16:11,Selestina Gumbley,Female,2125,Data Analyst,DL
1kRX4W,KpGbVD,11/3/2023 5:38,Veronica Kislingbury,Female,54,Data Scientist,DL
yNg00g,6DobaO,14/03/2023 09:51,Maryl Bown,Female,15,Data Analyst,DL
pdzrPP,4aOWjO,11/3/2023 5:51,Zach Reimer,Female,54,Data Scientist,DL
Jdoqg4,xVGP15,11/3/2023 6:06,Hyatt Gorwood,Male,54,Data Scientist,DL
E5Z9BL,Z9Mj7a,8/3/2023 15:28,Corella Poppy,Male,58,Data Scientist,DL
LzvvZ1,xVqjJr,6/3/2023 19:30,Winny Kingzeth,Female,59,Data Scientist,DL
QMWe1X,BEPoKN,17/03/2023 08:46,Adriane MacCoughen,Male,20,Data Analyst,DL
qazLAd,jeKGQ6,11/3/2023 5:42,Ashley Warwick,Male,59,Data Scientist,DL
qao8e9,EqR0xB,7/3/2023 7:56,Briano Bignell,Male,66,Data Scientist,DL
gexNAP,M1kAWX,18/03/2023 05:45,Clo Toth,Female,44,Data Analyst,DL
4BRZpb,rDgZ0R,20/03/2023 01:50,Anthony Hindmore,Male,44,Data Analyst,NLP
2BD5dA,VpK4RN,9/3/2023 13:09,Cullin Sircombe,Male,68,Data Scientist,NLP
OldXL7,rDZe8p,6/3/2023 12:44,Yorgo Huard,Male,2022,Data Scientist,NLP
99DarQ,DB5bxX,12/4/2023 13:14,Terri Harriot,Male,16,Data Analyst,NLP
rBZLY5,gbOZjD,24/03/2023 17:38,Gaile Mauditt,Male,49,Data Analyst,NLP
zN6AVM,yX7x1g,25/03/2023 06:40,Caryl Howorth,Female,43,Data Analyst,NLP
dNOkRD,1WR8xL,27/03/2023 10:59,Ado Sketh,Female,33,Data Analyst,NLP
